
CREATE DATABASE toko;
USE toko;


CREATE TABLE pelanggan (
id_pelanggan INT (10) NOT NULL,
nama VARCHAR (50) NOT NULL,
PRIMARY KEY (id_pelanggan)
);

SELECT * FROM pelanggan;


INSERT INTO pelanggan VALUES 
(1, 'Sigma'),
(2, 'Liem'),
(3, 'Toni'),
(4, 'Tomi'),
(5, 'Jomo'),
(6, 'Komo'),
(7, 'Domo'),
(8, 'Jumadi'),
(9, 'Jamidi'),
(10, 'Adinda'),
(11, 'Acha'),
(12, 'Ajeng'),
(13, 'Alisha'),
(14, 'Anindita'),
(15, 'April'),
(16, 'Arista'),
(17, 'Asih'),
(18, 'Aulia'),
(19, 'Damayanti'),
(20, 'Kirana'),
(21, 'Laras'),
(22, 'Endah'),
(23, 'Ida'),
(24, 'Indah'),
(25, 'Intan'),
(26, 'Lina'),
(27, 'Maharani'),
(28, 'Maya'),
(29, 'Melati'),
(30, 'Mutiara'),
(31, 'Jaka'),
(32, 'Jamilah'),
(33, 'Joko'),
(34, 'Jonathan'),
(35, 'Jono'),
(36, 'Kalaifa'),
(37, 'Jovan'),
(38, 'Latifah'),
(39, 'Naia'),
(40, 'Torangga'),
(41, 'Naura'),
(42, 'Puspa'),
(43, 'Putri'),
(44, 'Rara'),
(45, 'Rania'),
(46, 'Ratih'),
(47, 'Ratu'),
(48, 'Salwa'),
(49, 'Siti'),
(50, 'Suci'),
(51, 'Tania'),
(52, 'Tari'),
(53, 'Thalia'),
(54, 'Thania'),
(55, 'Tiara'),
(56, 'Utami'),
(57, 'Utari'),
(58, 'Widi'),
(59, 'Widia'),
(60, 'Wulan'),
(61, 'Yuni'),
(62, 'Zahira'),
(63, 'Zara'),
(64, 'Zahira'),
(65, 'Abdullah'),
(66, 'Abizar'),
(67, 'Aditya'),
(68, 'Adri'),
(69, 'Agung'),
(70, 'Ahmad'),
(71, 'Ali'),
(72, 'Alif'),
(73, 'Anindito'),
(74, 'Azhar'),
(75, 'Bagas'),
(76, 'Bayuaji'),
(77, 'Cakra'),
(78, 'Chandra'),
(79, 'Dafa'),
(80, 'Daniel'),
(81, 'Danny'),
(82, 'Danu'),
(83, 'Dany'),
(84, 'Darel'),
(85, 'David'),
(86, 'Dicky'),
(87, 'Eric'),
(88, 'Ervin'),
(89, 'Fadil'),
(90, 'Faiz'),
(91, 'Farel'),
(92, 'Farzan'),
(93, 'Gibran'),
(94, 'Gilang'),
(95, 'Hafiz'),
(96, 'Haris'),
(97, 'Harry'),
(98, 'Ihsan'),
(99, 'Indra'),
(100, 'Ivan');

SELECT COUNT(nama) FROM pelanggan;
SELECT * FROM pelanggan;

CREATE TABLE kasir (
id_kasir INT (10) NOT NULL,
nama_kasir VARCHAR (50) NOT NULL,
PRIMARY KEY (id_kasir)
);


INSERT INTO kasir VALUES 
(2001,'Prabhu'),
(2002,'Budi Pranoto'),
(2003,'Toni'),
(2004,'Rahman'),
(2005,'Natanegara'),
(2006,'Komo'),
(2007,'Tahir'),
(2008,'Jumadi'),
(2009,'Jamidi'),
(2010,'Adinda'),
(2011,'Alatas'),
(2012,'Joesoef'),
(2013,'Kalla'),
(2014,'Latief Alwy'),
(2015,'April'),
(2016,'Djuanda'),
(2017,'Cindy'),
(2018,'Syarief'),
(2019,'Tjakralaksana'),
(2020,'Adelina'),
(2021,'Utomo Jusman'),
(2022,'Bisono'),
(2023,'Teguh'),
(2024,'Hermanto'),
(2025,'Nugraha'),
(2026,'Agung'),
(2027,'Agus Lasmono'),
(2028,'Pasaman'),
(2029,'Syafriel'),
(2030,'John'),
(2031,'Pahlevy'),
(2032,'Rafi'),
(2033,'Kafu'),
(2034,'Joma'),
(2035,'Julian'),
(2036,'Zaki'),
(2037,'Mufid'),
(2038,'Fairus'),
(2039,'Kongoasa'),
(2040,'Suherman'),
(2041,'Thaslim'),
(2042,'Johan'),
(2043,'Wibowo'),
(2044,'Hermawan'),
(2045,'Chendra'),
(2046,'Sandjojo'),
(2047,'Gozali'),
(2048,'Amaluddin'),
(2049,'Achmad'),
(2050,'Andi Ahmad'),
(2051,'Andre'),
(2052,'Sukendra'),
(2053,'Bunanta'),
(2054,'Andreas'),
(2055,'Kongoasa'),
(2056,'Priasmoro'),
(2057,'Eriksson'),
(2058,'Purwohardono'),
(2059,'Wiryanto'),
(2060,'Rosabella'),
(2061,'Maclachlan'),
(2062,'Nelson'),
(2063,'Kumar'),
(2064,'Kadarachman'),
(2065,'Anthony'),
(2066,'Kurniadi'),
(2067,'Siswanto'),
(2068,'Santoso'),
(2069,'Wiratama'),
(2070,'Saputri'),
(2071,'Gunawan'),
(2072,'Anwar'),
(2073,'Aris'),
(2074,'Bayuaji'),
(2075,'Arta'),
(2076,'Ary'),
(2077,'Ashwani'),
(2078,'Damar'),
(2079,'Supardi'),
(2080,'Bambang'),
(2081,'Panutomo'),
(2082,'Bayu'),
(2083,'Beatrice'),
(2084,'Ferdinandus'),
(2085,'Surjana'),
(2086,'Budiawan'),
(2087,'Jusmin'),
(2088,'Effendi'),
(2089,'Darsono'),
(2090,'Calvin'),
(2091,'Hambali'),
(2092,'Zulkarnaen'),
(2093,'Charlie'),
(2094,'Christopher'),
(2095,'Daniel'),
(2096,'Sukarso'),
(2097,'Darminto'),
(2098,'Soegiatto'),
(2099,'Darwin'),
(2100, 'Lana');

SELECT * FROM kasir;
SELECT COUNT(nama_kasir) FROM kasir;

DROP TABLE suply;

CREATE TABLE suply (
	id_suply INT (10) NOT NULL,
	nama_supply VARCHAR (50) NOT NULL,
	telepon VARCHAR (30) NOT NULL,
	alamat VARCHAR (30) NOT NULL,
	PRIMARY KEY (id_suply)
);

ALTER TABLE suplier CHANGE COLUMN alamat_supply telepon VARCHAR (20);
ALTER TABLE suplier CHANGE COLUMN  telepon_supply alamat VARCHAR (20);

INSERT INTO suply VALUES
(3001,'Sentra Sejahtera Distribusi','+628234567818','Surabaya'),
(3002,'Jaya Makmur Logistik','+6281234567818','Bangkalan'),
(3003,'Berkat Bersama Supplier','+6285432567862','Banyuwangi'),
(3004,'Maju Jaya Distributor','+6289722567869','Blitar'),
(3005,'Berkah Rizki Logistik','+6288522567840','Bojonegoro'),
(3006,'Mandiri Distribusi','+6281234567827','Bondowoso'),
(3007,'Sejahtera Abadi Supplier','+6283872567833','Gresik'),
(3008,'Cahaya Baru Logistik','+6289843567859','Jakarta'),
(3009,'Harmoni Distributor','+6284153567879','Jombang'),
(3010,'Bina Usaha Supplier','+6286873567866','Kediri'),
(3011,'Anugerah Sejahtera Logistik','+6289432567832','Lamongan'),
(3012,'Mulya Bersama Distribusi','+6287842567854','Banten'),
(3013,'Prima Jaya Supplier','+6286543567852','Madiun'),
(3014,'Bintang Makmur Logistik','+628723567836','Ngawi'),
(3015,'Rezeki Baru Distributor','+621234567855','Malang'),
(3016,'Utama Sejahtera Supplier','+6287853567874','Bogor'),
(3017,'Andalan Bersama Distribusi','+6285843567853','Nganjuk'),
(3018,'Sejahtera Makmur Supplier','+628953567844','Ngawi'),
(3019,'Berkat Bersama Logistik','+6284563567835','Pacitan'),
(3020,'Sentosa Distributor','+628743567850','Pamekasan'),
(3021,'Jaya Mulia Supplier','+621234567863','Pasuruan'),
(3022,'Berkah Baru Logistik','+6289743567870','Ponorogo'),
(3023,'Harmoni Sejahtera Distribusi','+6286863567873','Probolinggo'),
(3024,'Cahaya Abadi Supplier','+6287943567831','Sampang'),
(3025,'Murni Jaya Logistik','+6286543567849','Purwodadi'),
(3026,'Prima Makmur Distributor','+621457567857','Situbondo'),
(3027,'Rezeki Sejahtera Supplier','+6287435677834','Sumenep'),
(3028,'Utama Bersama Logistik','+624143567861','Trenggalek'),
(3029,'Purnama Logistik','+6287943567871','Jakarta'),
(3030,'Andalan Jaya Supplier','+6281435677864','Tulungagung'),
(3031,'Sejahtera Mulia Logistik','+6281435677864','Sidoarjo'),
(3032,'Sentra Baru Distributor','+6281435677864','Probolinggo'),
(3033,'Jaya Rizki Supplier','+6281435677864','Bondowoso'),
(3034,'Berkah Abadi Logistik','+6281435677864','Gresik'),
(3035,'Harmoni Makmur Distribusi','+6281435677864','Lumajang'),
(3036,'Cahaya Bersama Supplier','+6281435677864','Tulungagung'),
(3037,'Bina Jaya Logistik','+6281435677864','Gresik'),
(3038,'Maju Sejahtera Distribusi','+6281435677864','Tulungagung'),
(3039,'Mandiri Bersama Supplier','+6281435677864','Jember'),
(3040,'Murni Bersatu Logistik','+621234567828','Bangkalan'),
(3041,'Prima Jaya Supplier','+6286743567842','Banyuwangi'),
(3042,'Bintang Makmur Logistik','+621234567848','Makasar'),
(3043,'Rezeki Baru Distributor','+621843567864','Bojonegoro'),
(3044,'Utama Sejahtera Supplier','+6287435677825','Mojoranu'),
(3045,'Andalan Bersama Distribusi','+624843567845','Gresik'),
(3046,'Sejahtera Makmur Supplier','+624843567845','Gresik'),
(3047,'Berkat Bersama Logistik','+6287383567837','Jember'),
(3048,'Sentosa Distributor','+624643567860','Jombang'),
(3049,'Jaya Mulia Supplier','+621473567830','Kediri'),
(3050,'Berkah Baru Logistik','+621394567839','Lamongan'),
(3051,'Harmoni Sejahtera Distribusi','+628943567851','Lumajang'),
(3052,'Cahaya Abadi Supplier','+621473567841','Surabaya'),
(3053,'Murni Jaya Logistik','+6286843567838','Magetan'),
(3054,'Prima Makmur Distributor','+624543567847','Malang'),
(3055,'Rezeki Sejahtera Supplier','+621643567846','Mojokerto'),
(3056,'Utama Bersama Logistik','+621234567882','Nganjuk'),
(3057,'Purnama Logistik','+625243567875','Ngawi'),
(3058,'Andalan Jaya Supplier','+6286733567859','Pacitan'),
(3059,'Sejahtera Mulia Logistik','+621023567880','Pamekasan'),
(3060,'Sentra Baru Distributor','+628743567858','Pasuruan'),
(3061,'Jaya Rizki Supplier','+628243567893','Solo'),
(3062,'Berkah Abadi Logistik','+629383567887','Probolinggo'),
(3063,'Harmoni Makmur Distribusi','+627223567881','Sampang'),
(3064,'Cahaya Bersama Supplier','+621273567856','Sidoarjo'),
(3065,'Bina Jaya Logistik','+628773567883','Situbondo'),
(3066,'Maju Sejahtera Distribusi','+621053567878','Lamongan'),
(3067,'Mandiri Bersama Supplier','+621943567843','Pamulang'),
(3068,'Murni Bersatu Logistik','+628353567865','Tuban'),
(3069,'Prima Jaya Supplier','+621473567867','Jepara'),
(3070,'Rezeki Baru Distributor','+621623567824','Lombok'),
(3071,'Utama Sejahtera Supplier','+626863567876','Lamongan'),
(3072,'Andalan Bersama Distribusi','+624583567826','Blitar'),
(3073,'Sejahtera Makmur Supplier','+621063567890','Bojonegoro'),
(3074,'Berkat Bersama Logistik','+629763567888','Kudus'),
(3075,'Sentosa Distributor','+625483567891','Gresik'),
(3076,'Jaya Mulia Supplier','+621993567892','Jember'),
(3077,'Berkah Baru Logistik','+621923567841','Jombang'),
(3078,'Harmoni Sejahtera Distribusi','+628263567823','Kediri'),
(3079,'Cahaya Abadi Supplier','+629093567885','Lamongan'),
(3080,'Murni Jaya Logistik','+629433567894','Lumajang'),
(3081,'Prima Makmur Distributor','+626293567825','Madiun'),
(3082,'Rezeki Sejahtera Supplier','+624743567846','Jambi'),
(3083,'Utama Bersama Logistik','+621423567892','Malang'),
(3084,'Andalan Jaya Supplier','+629723567870','Mojokerto'),
(3085,'Sejahtera Mulia Logistik','+621023567878','Nganjuk'),
(3086,'Sentra Baru Distributor','+628973567899','Ngawi'),
(3087,'Jaya Rizki Supplier','+627363567897','Pacitan'),
(3088,'Berkah Abadi Logistik','+627653567831','Jambi'),
(3089,'Harmoni Makmur Distribusi','+628643567848','Pasuruan'),
(3090,'Cahaya Bersama Supplier','+628923567890','Ponorogo'),
(3091,'Murni Jaya Logistik','+625443567853','Probolinggo'),
(3092,'Prima Makmur Distributor','+628313567894','Sampang'),
(3093,'Rezeki Sejahtera Supplier','+621233567855','Sidoarjo'),
(3094,'Utama Bersama Logistik','+621943567890','Situbondo'),
(3095,'Andalan Jaya Supplier','+625243567842','Sumenep'),
(3096,'Sejahtera Mulia Logistik','+628843567849','Trenggalek'),
(3097,'Sentosa Distributor','+628433567874','Tuban'),
(3098,'Jaya Mulia Supplier','+628753567886','Jambi'),
(3099,'Berkah Baru Logistik','+627373567872','Bangkalan'),
(3100,'Harmoni Sejahtera Distribusi','+629183567870','Banyuwangi');


SELECT * FROM;
SELECT * FROM suply;

DROP TABLE barang;

CREATE TABLE barang (
id_barang INT(10) NOT NULL,
nama_barang VARCHAR(50) NOT NULL,
jumlah INT(20) NOT NULL,
harga_barang INT(20) NOT NULL,
id_suply INT(10) NOT NULL,
PRIMARY KEY(id_barang),
FOREIGN KEY (id_suply) REFERENCES suply (id_suply)
);

SELECT * FROM barang;


INSERT INTO barang VALUES
(4001,'Beras Raja Lele',20,100000,3100),
(4002,'Kopi Mangut',30,15000,3089),
(4003,'Kopi Torabika',31,12000,3001),
(4004,'Sambal Curma',32,7000,3031),
(4005,'Sandal Nata',40,13000,3054),
(4006,'Odol Komo',100,14000,3071),
(4007,'Garam Serbaguna',53,4000,3099),
(4008,'Udang Beku',50,35000,3017),
(4009,'Nugget',67,36000,3003),
(4010,'Aqua',32,5000,3009),
(4011,'Buku Tulis Kaka',100,4000,3059),
(4012,'Baterai Macan',34,12500,3088),
(4013,'Jambu',30,6000,3019),
(4014,'Abon Paprika',80,9000,3061),
(4015,'Sandal Swallow',81,13000,3071),
(4016,'Kuaci Reborn',50,5000,3099),
(4017,'Permen Jer',400,500,3009),
(4018,'Sereal',60,40000,3075),
(4019,'Kerupuk',100,1000,3061),
(4020,'Sosis',44,2000,3056),
(4021,'Mi Ramen',55,7000,3049),
(4022,'Mi Sagu',34,6000,3016),
(4023,'Mi Udon',65,6000,3011),
(4024,'Saus Salado',13,10000,3008),
(4025,'Cokelat Bubuk',66,7500,3021),
(4026,'Mentega Kacang',12,16000,3006),
(4027,'Sirup Maple',54,20000,3045),
(4028,'Tepung Roti',12,15000,3022),
(4029,'Masaman',23,23000,3065),
(4030,'Tepung Jagung',21,12000,3054),
(4031,'Mentega',12,12000,3073),
(4032,'Minyak Kelapa',25,18000,3042),
(4033,'Baking Powder',54,14000,3019),
(4034,'Tepung Kentang',89,18000,3063),
(4035,'Jelly',123,2000,3038),
(4036,'Agar-Agar',89,2000,3022),
(4037,'Masako',56,1000,3030),
(4038,'Beras Melati',54,50000,3053),
(4039,'Susu Bubuk PKC',23,100000,3001),
(4040,'Susu SKM',33,17000,3078),
(4041,'Kecap',44,6000,3091),
(4042,'Obat Nyamuk',34,5000,3098),
(4043,'Obat Gigi',36,3000,3005),
(4044,'Obat Sakit Kepala',44,4000,3027),
(4045,'Salonpas',77,2000,3006),
(4046,'Koyo',65,2000,3032),
(4047,'Minyak Wangi',52,34000,3038),
(4048,'Pengharum Ruang',33,27000,3048),
(4049,'Obat Tidur',12,18000,3056),
(4050,'Kapas',35,12000,3072),
(4051,'Roti',60,2000,3079),
(4052,'Snack',100,1000,3019),
(4053,'Bonita',22,30000,3067),
(4054,'Sapu',20,13000,3049),
(4055,'Sampo KSC',13,3000,3089),
(4056,'Sabun Cuci PL',14,4000,3044),
(4057,'Sabun Mandi IK',41,5000,3036),
(4058,'Handuk',12,40000,3100),
(4059,'Tisue',44,12000,3036),
(4060,'Beras Kelapa',22,40000,3064),
(4061,'Penggaris',41,3000,3076),
(4062,'Pensil',44,2000,3036),
(4063,'Pulpen',14,2000,3063),
(4064,'Krayon',15,20000,3077),
(4065,'Gelas OKI',20,30000,3032),
(4066,'Piring OKI',33,25000,3099),
(4067,'Wajan',20,40000,3037),
(4068,'Gas LPG',20,90000,3033),
(4069,'Kompor',44,120000,3013),
(4070,'Hanger',34,45000,3041),
(4071,'Selai',60,30000,3043),
(4072,'Soda Senang',43,5000,3061),
(4073,'Teh Roso',17,6000,3094),
(4074,'Kaos Kaki',20,12000,3093),
(4075,'Topi',44,14000,3095),
(4076,'Tooth Bag',14,30000,3058),
(4077,'Dompet',33,60000,3007),
(4078,'Hanci',60,8000,3070),
(4079,'Sabuk',12,15000,3095),
(4080,'Cermin',60,23000,3005),
(4081,'Santan Instan',31,4000,3041),
(4082,'Hotweel',20,40000,3084),
(4083,'Pensil warna',67,12000,3098),
(4084,'Map',44,3000,3020),
(4085,'Cutter',14,5000,3042),
(4086,'Pembolong kertas',10,20000,3026),
(4087,'Kalkulator',6,40000,3025),
(4088,'Buku catatan',29,4000,3027),
(4089,'Merica',76,1000,3028),
(4090,'Kacang Almond',89,50000,3041),
(4091,'Es krim',69,4000,3058),
(4092,'Sabun Muka',14,15000,3054),
(4093,'Pembalut',60,4000,3058),
(4094,'Kertas Buku',17,3000,3083),
(4095,'Sisir',44,12000,3039),
(4096,'Coklat Roll',11,40000,3031),
(4097,'Gula Merah',67,5000,3032),
(4098,'Tepung Kue',12,5000,3093),
(4099,'Pulpen highlighter',30,5000,3044),
(4100,'Clip On',44,4000,3030)


--Transaksi
(1, 2001, 80, '2023-09-18', '4087'),
(2, 2058, 57, '2023-04-24', '4009'),
(3, 2069, 38, '2023-12-01', '4060'),
(4, 2074, 62, '2023-07-10', '4040'),
(5, 2021, 99, '2023-11-30', '4082'),
(6, 2087, 13, '2023-06-06', '4063'),
(7, 2035, 39, '2023-05-28', '4090'),
(8, 2081, 53, '2023-10-14', '4024'),
(9, 2090, 21, '2023-11-02', '4085'),
(10, 2100, 19, '2023-08-11', '4011'),
(11, 2091, 14, '2023-08-21', '4010'),
(12, 2040, 15, '2023-06-25', '4027'),
(13, 2089, 47, '2023-03-07', '4061'),
(14, 2047, 95, '2023-12-10', '4067'),
(15, 2077, 40, '2023-07-06', '4062'),
(16, 2033, 96, '2023-05-09', '4081'),
(17, 2048, 37, '2023-03-13', '4053'),
(18, 2083, 89, '2023-12-05', '4020'),
(19, 2060, 71, '2023-05-30', '4037'),
(20, 2023, 87, '2023-02-21', '4017'),
(21, 2096, 48, '2023-09-28', '4093'),
(22, 2045, 56, '2023-05-05', '4007'),
(23, 2019, 91, '2023-03-15', '4077'),
(24, 2064, 42, '2023-03-29', '4084'),
(25, 2097, 28, '2023-08-24', '4069'),
(26, 2076, 23, '2023-07-29', '4005'),
(27, 2031, 30, '2023-12-20', '4036'),
(28, 2084, 11, '2023-05-10', '4014'),
(29, 2039, 81, '2023-03-14', '4001'),
(30, 2088, 3, '2023-04-01', '4058'),
(31, 2022, 8, '2023-06-18', '4096'),
(32, 2051, 35, '2023-08-19', '4051'),
(33, 2044, 68, '2023-06-16', '4033'),
(34, 2078, 17, '2023-10-04', '4006'),
(35, 2059, 60, '2023-09-23', '4002'),
(36, 2067, 54, '2023-08-16', '4078'),
(37, 2079, 36, '2023-03-08', '4091'),
(38, 2030, 43, '2023-06-15', '4045'),
(39, 2086, 29, '2023-04-05', '4083'),
(40, 2075, 75, '2023-07-21', '4072'),
(41, 2092, 93, '2023-02-09', '4089'),
(42, 2010, 61, '2023-05-31', '4039'),
(43, 2056, 32, '2023-10-16', '4019'),
(44, 2094, 22, '2023-07-07', '4013'),
(45, 2070, 7, '2023-09-12', '4028'),
(46, 2017, 45, '2023-11-15', '4044'),
(47, 2082, 72, '2023-07-11', '4032'),
(48, 2063, 12, '2023-08-28', '4015'),
(49, 2013, 52, '2023-02-10', '4049'),
(50, 2065, 64, '2023-09-14', '4066'),
(51, 2095, 51, '2023-06-27', '4056'),
(52, 2046, 69, '2023-07-26', '4004'),
(53, 2028, 90, '2023-05-25', '4100'),
(54, 2042, 50, '2023-02-12', '4097'),
(55, 2099, 86, '2023-06-23', '4055'),
(56, 2020, 24, '2023-08-31', '4065'),
(57, 2052, 85, '2023-08-01', '4052'),
(58, 2034, 74, '2023-05-11', '4050'),
(59, 2098, 46, '2023-02-05', '4016'),
(60, 2032, 2, '2023-09-27', '4035'),
(61, 2080, 41, '2023-07-18', '4041'),
(62, 2057, 58, '2023-05-07', '4018'),
(63, 2061, 97, '2023-09-29', '4054'),
(64, 2073, 34, '2023-08-04', '4094'),
(65, 2071, 26, '2023-12-12', '4074'),
(66, 2085, 33, '2023-06-30', '4080'),
(67, 2015, 27, '2023-04-26', '4003'),
(68, 2093, 59, '2023-02-26', '4098'),
(69, 2014, 55, '2023-08-10', '4088'),
(70, 2072, 20, '2023-09-06', '4034'),
(71, 2049, 70, '2023-04-18', '4029'),
(72, 2016, 25, '2023-09-03', '4046'),
(73, 2053, 44, '2023-03-12', '4076'),
(74, 2066, 79, '2023-11-16', '4012'),
(75, 2068, 98, '2023-06-10', '4025'),
(76, 2037, 18, '2023-04-30', '4071'),
(77, 2043, 6, '2023-03-18', '4022'),
(78, 2054, 63, '2023-03-19', '4048'),
(79, 2091, 4, '2023-03-20', '4068'),
(80, 2075, 5, '2023-03-21', '4075'),
(81, 2036, 84, '2023-03-02', '4064'),
(82, 2077, 66, '2023-03-13', '4038'),
(83, 2029, 67, '2023-10-28', '4023'),
(84, 2084, 10, '2023-11-25', '4059'),
(85, 2083, 78, '2023-01-26', '4099'),
(86, 2063, 83, '2023-03-27', '4042'),
(87, 2024, 49, '2023-12-08', '4073'),
(88, 2090, 31, '2023-03-29', '4008'),
(89, 2082, 73, '2023-03-30', '4092'),
(90, 2038, 94, '2023-03-31', '4095'),
(91, 2098, 1, '2023-04-01', '4021'),
(92, 2025, 82, '2023-04-02', '4047'),
(93, 2055, 9, '2023-04-03', '4086'),
(94, 2076, 76, '2023-04-04', '4043'),
(95, 2011, 16, '2023-04-05', '4057'),
(96, 2026, 88, '2023-03-16', '4079'),
(97, 2070, 77, '2023-12-01', '4030'),
(98, 2041, 65, '2023-09-08', '4070'),
(99, 2035, 92, '2023-04-09', '4031'),
(100, 2089, 100, '2023-10-17', '4026');